{"mean":{"confidence_interval":{"confidence_level":0.95,"lower_bound":-0.007059849464422022,"upper_bound":0.03354103220823865},"point_estimate":0.012819520596907052,"standard_error":0.010302279636831118},"median":{"confidence_interval":{"confidence_level":0.95,"lower_bound":-0.06602697318558859,"upper_bound":-0.008202140398286373},"point_estimate":-0.0611745810781662,"standard_error":0.015930282680140732}}