{"mean":{"confidence_interval":{"confidence_level":0.95,"lower_bound":0.6452612447327718,"upper_bound":1.3273307846450046},"point_estimate":0.9623179848459824,"standard_error":0.1787990903941713},"median":{"confidence_interval":{"confidence_level":0.95,"lower_bound":0.39436439827614467,"upper_bound":0.747193626515193},"point_estimate":0.5302365085363063,"standard_error":0.07785634915593609}}