{"mean":{"confidence_interval":{"confidence_level":0.95,"lower_bound":0.06088634149330922,"upper_bound":0.06936912222018665},"point_estimate":0.06529515733912827,"standard_error":0.0021671324727868648},"median":{"confidence_interval":{"confidence_level":0.95,"lower_bound":0.0640870578123431,"upper_bound":0.0722378030805082},"point_estimate":0.06808641531777826,"standard_error":0.0020791482836715006}}