{"mean":{"confidence_interval":{"confidence_level":0.95,"lower_bound":-0.06430606975948666,"upper_bound":-0.06171053797616448},"point_estimate":-0.06297330387027811,"standard_error":0.0006619654563035859},"median":{"confidence_interval":{"confidence_level":0.95,"lower_bound":-0.06446276896285252,"upper_bound":-0.06153121426978926},"point_estimate":-0.06302597820257394,"standard_error":0.0006982084422288474}}