{"mean":{"confidence_interval":{"confidence_level":0.95,"lower_bound":-0.023587960070961856,"upper_bound":0.01860531239428349},"point_estimate":-0.0023382855674143332,"standard_error":0.010782758938742887},"median":{"confidence_interval":{"confidence_level":0.95,"lower_bound":-0.05784990381489119,"upper_bound":0.031099867525574032},"point_estimate":-0.02864211887263468,"standard_error":0.017876513492714838}}