{"mean":{"confidence_interval":{"confidence_level":0.95,"lower_bound":-0.08096070089551753,"upper_bound":-0.00805518418187976},"point_estimate":-0.04512933199531444,"standard_error":0.018633752605763994},"median":{"confidence_interval":{"confidence_level":0.95,"lower_bound":-0.16322308779373573,"upper_bound":-0.023618006489794507},"point_estimate":-0.1560711438990079,"standard_error":0.032876147520542125}}