{"mean":{"confidence_interval":{"confidence_level":0.95,"lower_bound":-0.3148597931344287,"upper_bound":-0.3105039092444391},"point_estimate":-0.3127132634229377,"standard_error":0.001110124468194402},"median":{"confidence_interval":{"confidence_level":0.95,"lower_bound":-0.3157544744193018,"upper_bound":-0.31075699871411966},"point_estimate":-0.3134679452008675,"standard_error":0.001252607446177356}}