{"mean":{"confidence_interval":{"confidence_level":0.95,"lower_bound":57997574.48575,"upper_bound":58258555.4185},"point_estimate":58124372.93,"standard_error":66535.32847730245},"median":{"confidence_interval":{"confidence_level":0.95,"lower_bound":57952641.0,"upper_bound":58248883.0},"point_estimate":58107642.5,"standard_error":80422.63249673553},"median_abs_dev":{"confidence_interval":{"confidence_level":0.95,"lower_bound":449522.866484374,"upper_bound":721381.38592042},"point_estimate":589092.5670415163,"standard_error":70670.11485916568},"slope":null,"std_dev":{"confidence_interval":{"confidence_level":0.95,"lower_bound":514776.6154505795,"upper_bound":823095.8126722316},"point_estimate":669190.8670166909,"standard_error":79669.92452210405}}