{"mean":{"confidence_interval":{"confidence_level":0.95,"lower_bound":0.10578275908285607,"upper_bound":0.2017173211823504},"point_estimate":0.15357828151799824,"standard_error":0.024664871117239504},"median":{"confidence_interval":{"confidence_level":0.95,"lower_bound":0.006860713139125396,"upper_bound":0.2822467213561677},"point_estimate":0.025929310721102716,"standard_error":0.07792875998719878}}