{"mean":{"confidence_interval":{"confidence_level":0.95,"lower_bound":14327481.061166663,"upper_bound":15035494.853833329},"point_estimate":14661064.126666663,"standard_error":180792.7530976839},"median":{"confidence_interval":{"confidence_level":0.95,"lower_bound":13923423.333333332,"upper_bound":14053132.0},"point_estimate":13971320.166666668,"standard_error":34356.18584063131},"median_abs_dev":{"confidence_interval":{"confidence_level":0.95,"lower_bound":231444.48119103955,"upper_bound":399223.86472485855},"point_estimate":328508.8188678017,"standard_error":41756.48414860127},"slope":null,"std_dev":{"confidence_interval":{"confidence_level":0.95,"lower_bound":1288758.79791539,"upper_bound":2253431.887746572},"point_estimate":1813931.6220467952,"standard_error":246161.18986655714}}