{"mean":{"confidence_interval":{"confidence_level":0.95,"lower_bound":-0.08297118958632341,"upper_bound":-0.0038014686332505524},"point_estimate":-0.04430095013359703,"standard_error":0.02024709591765333},"median":{"confidence_interval":{"confidence_level":0.95,"lower_bound":-0.159326258109731,"upper_bound":0.025864749795660336},"point_estimate":-0.14673979025696982,"standard_error":0.037651297076902776}}