{"mean":{"confidence_interval":{"confidence_level":0.95,"lower_bound":-0.039095459337574974,"upper_bound":-0.004123623760168393},"point_estimate":-0.021819156942282314,"standard_error":0.008965875847437984},"median":{"confidence_interval":{"confidence_level":0.95,"lower_bound":-0.08110427938990561,"upper_bound":-0.03127763365814762},"point_estimate":-0.07473027632308749,"standard_error":0.014632080389000015}}