{"mean":{"confidence_interval":{"confidence_level":0.95,"lower_bound":0.328429216231774,"upper_bound":0.3910856979404585},"point_estimate":0.36073458684427684,"standard_error":0.016003244064802438},"median":{"confidence_interval":{"confidence_level":0.95,"lower_bound":0.41235773451689184,"upper_bound":0.42607021489359975},"point_estimate":0.4192903727631567,"standard_error":0.0033688745149847064}}