{"mean":{"confidence_interval":{"confidence_level":0.95,"lower_bound":0.01456646022590449,"upper_bound":0.03243848752327727},"point_estimate":0.022969654650936366,"standard_error":0.004490512894585942},"median":{"confidence_interval":{"confidence_level":0.95,"lower_bound":0.02326334868373774,"upper_bound":0.0263263441764307},"point_estimate":0.024693598936548877,"standard_error":0.0007468057544083435}}