{"mean":{"confidence_interval":{"confidence_level":0.95,"lower_bound":27094941.297375,"upper_bound":28424286.1},"point_estimate":27736679.125,"standard_error":339755.38809384534},"median":{"confidence_interval":{"confidence_level":0.95,"lower_bound":25797786.0,"upper_bound":26165935.0},"point_estimate":25957646.25,"standard_error":90773.66421115266},"median_abs_dev":{"confidence_interval":{"confidence_level":0.95,"lower_bound":643803.841920197,"upper_bound":1412596.050721407},"point_estimate":952712.4420359731,"standard_error":197954.3276235814},"slope":null,"std_dev":{"confidence_interval":{"confidence_level":0.95,"lower_bound":2838434.3327083606,"upper_bound":3948351.7014270304},"point_estimate":3419243.2683223505,"standard_error":283135.8851707423}}