{"mean":{"confidence_interval":{"confidence_level":0.95,"lower_bound":83746940.63525,"upper_bound":118254182.52},"point_estimate":98850523.18,"standard_error":8889810.11735598},"median":{"confidence_interval":{"confidence_level":0.95,"lower_bound":67446288.0,"upper_bound":84195743.0},"point_estimate":73994390.5,"standard_error":3590674.953997079},"median_abs_dev":{"confidence_interval":{"confidence_level":0.95,"lower_bound":18689512.938594818,"upper_bound":34397879.51076306},"point_estimate":28079342.670992017,"standard_error":4197156.070783934},"slope":null,"std_dev":{"confidence_interval":{"confidence_level":0.95,"lower_bound":34450247.51343185,"upper_bound":132542222.10028781},"point_estimate":89323791.99225675,"standard_error":25105433.484101832}}