{"mean":{"confidence_interval":{"confidence_level":0.95,"lower_bound":3117646.718700001,"upper_bound":3129252.8674333333},"point_estimate":3122613.475333331,"standard_error":2999.461188638421},"median":{"confidence_interval":{"confidence_level":0.95,"lower_bound":3115771.2,"upper_bound":3123001.833333333},"point_estimate":3119957.5666666664,"standard_error":1968.571118548634},"median_abs_dev":{"confidence_interval":{"confidence_level":0.95,"lower_bound":11478.437256217141,"upper_bound":19379.311355948565},"point_estimate":13903.229513168473,"standard_error":2186.1299382034754},"slope":null,"std_dev":{"confidence_interval":{"confidence_level":0.95,"lower_bound":14703.163588910837,"upper_bound":46816.26473803221},"point_estimate":30231.649479668115,"standard_error":10245.313850346975}}