{"mean":{"confidence_interval":{"confidence_level":0.95,"lower_bound":0.4129254493865179,"upper_bound":0.5384085281472636},"point_estimate":0.4834374596312132,"standard_error":0.03267635064687571},"median":{"confidence_interval":{"confidence_level":0.95,"lower_bound":0.5721026046808438,"upper_bound":0.5825464835164798},"point_estimate":0.5776446705216376,"standard_error":0.0026302856379663737}}