{"mean":{"confidence_interval":{"confidence_level":0.95,"lower_bound":-0.05284834902597007,"upper_bound":-0.04035919516066609},"point_estimate":-0.04686540757541957,"standard_error":0.003213650636699364},"median":{"confidence_interval":{"confidence_level":0.95,"lower_bound":-0.056129204780364095,"upper_bound":-0.05236612670885085},"point_estimate":-0.054410105868890946,"standard_error":0.0009765312494701685}}