{"mean":{"confidence_interval":{"confidence_level":0.95,"lower_bound":0.10731413778892256,"upper_bound":0.11326032178053855},"point_estimate":0.1106431126031342,"standard_error":0.0015298192253637745},"median":{"confidence_interval":{"confidence_level":0.95,"lower_bound":0.11097271458965241,"upper_bound":0.11492498759516168},"point_estimate":0.11338897693032113,"standard_error":0.0010490788142124823}}