{"mean":{"confidence_interval":{"confidence_level":0.95,"lower_bound":-0.03138459927885975,"upper_bound":0.09659472809866756},"point_estimate":0.03446457002651626,"standard_error":0.032830208122998986},"median":{"confidence_interval":{"confidence_level":0.95,"lower_bound":0.16338976571179242,"upper_bound":0.17155124196654636},"point_estimate":0.16677596712314302,"standard_error":0.0019347601155028295}}