{"mean":{"confidence_interval":{"confidence_level":0.95,"lower_bound":3701176.3157142852,"upper_bound":3745878.762714286},"point_estimate":3721378.1471428573,"standard_error":11446.922783757953},"median":{"confidence_interval":{"confidence_level":0.95,"lower_bound":3688076.714285714,"upper_bound":3704826.8571428573},"point_estimate":3694083.8571428573,"standard_error":3989.6985376576463},"median_abs_dev":{"confidence_interval":{"confidence_level":0.95,"lower_bound":30605.205356649778,"upper_bound":52458.46421867609},"point_estimate":42096.73185263381,"standard_error":5362.101132997494},"slope":null,"std_dev":{"confidence_interval":{"confidence_level":0.95,"lower_bound":62696.82976265744,"upper_bound":156517.00249791236},"point_estimate":114327.42707601837,"standard_error":23746.88292465952}}