{"mean":{"confidence_interval":{"confidence_level":0.95,"lower_bound":-0.25476703908234216,"upper_bound":-0.20248001168746177},"point_estimate":-0.23010903214208422,"standard_error":0.013349166352014686},"median":{"confidence_interval":{"confidence_level":0.95,"lower_bound":-0.30341860521268527,"upper_bound":-0.2972990843128671},"point_estimate":-0.30096265384511633,"standard_error":0.001555441777917092}}