{"mean":{"confidence_interval":{"confidence_level":0.95,"lower_bound":0.06608740662982356,"upper_bound":0.0726885337359847},"point_estimate":0.06937564069927538,"standard_error":0.0016848824403754758},"median":{"confidence_interval":{"confidence_level":0.95,"lower_bound":0.06884405213988203,"upper_bound":0.07483430810545744},"point_estimate":0.07208673625322337,"standard_error":0.0014770611985272081}}