{"mean":{"confidence_interval":{"confidence_level":0.95,"lower_bound":0.009184432664206196,"upper_bound":0.05308596610657591},"point_estimate":0.03150863779787261,"standard_error":0.011197815776282153},"median":{"confidence_interval":{"confidence_level":0.95,"lower_bound":-0.005393677036711342,"upper_bound":0.10017337183928134},"point_estimate":0.018101028458229695,"standard_error":0.023255741854928572}}