{"mean":{"confidence_interval":{"confidence_level":0.95,"lower_bound":-0.1073982526922408,"upper_bound":-0.03246705333079389},"point_estimate":-0.07072770817928753,"standard_error":0.019142113919463823},"median":{"confidence_interval":{"confidence_level":0.95,"lower_bound":-0.1640417917437791,"upper_bound":-0.15254517035638926},"point_estimate":-0.16026394871935412,"standard_error":0.0055875327520333385}}